<metadata xml:lang="en"><Esri><CreaDate>20200921</CreaDate><CreaTime>17383700</CreaTime><ArcGISFormat>1.0</ArcGISFormat><SyncOnce>FALSE</SyncOnce><DataProperties><lineage><Process ToolSource="c:\program files\arcgis\pro\Resources\ArcToolbox\toolboxes\Conversion Tools.tbx\FeatureClassToFeatureClass" Date="20200921" Time="173837">FeatureClassToFeatureClass London_Borough C:\Users\26661028\Documents\ArcGIS\Projects\MyProject7\MyProject7.gdb London # "NAME "NAME" true true false 22 Text 0 0,First,#,London_Borough,London_Borough.NAME,0,22;GSS_CODE "GSS_CODE" true true false 9 Text 0 0,First,#,London_Borough,London_Borough.GSS_CODE,0,9;HECTARES "HECTARES" true true false 12 Double 3 11,First,#,London_Borough,London_Borough.HECTARES,-1,-1;NONLD_AREA "NONLD_AREA" true true false 12 Double 3 11,First,#,London_Borough,London_Borough.NONLD_AREA,-1,-1;ONS_INNER "ONS_INNER" true true false 1 Text 0 0,First,#,London_Borough,London_Borough.ONS_INNER,0,1;SUB_2009 "SUB_2009" true true false 7 Text 0 0,First,#,London_Borough,London_Borough.SUB_2009,0,7;SUB_2006 "SUB_2006" true true false 10 Text 0 0,First,#,London_Borough,London_Borough.SUB_2006,0,10;NUM "NUM" true true false 4 Long 0 0,First,#,London_Borough,2018Lon_HousingBoro.csv.NUM,-1,-1;Code "Code" true true false 8000 Text 0 0,First,#,London_Borough,2018Lon_HousingBoro.csv.Code,0,8000;Name_1 "Name" true true false 8000 Text 0 0,First,#,London_Borough,2018Lon_HousingBoro.csv.Name,0,8000;Year "Year" true true false 4 Long 0 0,First,#,London_Borough,2018Lon_HousingBoro.csv.Year,-1,-1;Source "Source" true true false 8000 Text 0 0,First,#,London_Borough,2018Lon_HousingBoro.csv.Source,0,8000;Pop "Pop" true true false 4 Long 0 0,First,#,London_Borough,2018Lon_HousingBoro.csv.Pop,-1,-1;Inlnd_AHec "Inlnd_AHec" true true false 8 Double 0 0,First,#,London_Borough,2018Lon_HousingBoro.csv.Inlnd_AHec,-1,-1;Area_Hec "Area_Hec" true true false 8 Double 0 0,First,#,London_Borough,2018Lon_HousingBoro.csv.Area_Hec,-1,-1;PopPr_hec "PopPr_hec" true true false 8 Double 0 0,First,#,London_Borough,2018Lon_HousingBoro.csv.PopPr_hec,-1,-1;SqKm "SqKm" true true false 8 Double 0 0,First,#,London_Borough,2018Lon_HousingBoro.csv.SqKm,-1,-1;PopPr_sqkm "PopPr_sqkm" true true false 8 Double 0 0,First,#,London_Borough,2018Lon_HousingBoro.csv.PopPr_sqkm,-1,-1" #</Process><Process ToolSource="c:\program files\arcgis\pro\Resources\ArcToolbox\toolboxes\Conversion Tools.tbx\FeatureClassToFeatureClass" Date="20200921" Time="175247">FeatureClassToFeatureClass London "C:\Users\26661028\Documents\01 Impatient\1. DATA_Working\SNOW_data\Ch4data\backup_data" London.shp # "NAME "NAME" true true false 22 Text 0 0,First,#,London,NAME,0,22;GSS_CODE "GSS_CODE" true true false 9 Text 0 0,First,#,London,GSS_CODE,0,9;HECTARES "HECTARES" true true false 8 Double 0 0,First,#,London,HECTARES,-1,-1;NONLD_AREA "NONLD_AREA" true true false 8 Double 0 0,First,#,London,NONLD_AREA,-1,-1;ONS_INNER "ONS_INNER" true true false 1 Text 0 0,First,#,London,ONS_INNER,0,1;SUB_2009 "SUB_2009" true true false 7 Text 0 0,First,#,London,SUB_2009,0,7;SUB_2006 "SUB_2006" true true false 10 Text 0 0,First,#,London,SUB_2006,0,10;NUM "NUM" true true false 4 Long 0 0,First,#,London,NUM,-1,-1;Code "Code" true true false 8000 Text 0 0,First,#,London,Code,0,8000;Name_1 "Name" true true false 8000 Text 0 0,First,#,London,Name_1,0,8000;Year "Year" true true false 4 Long 0 0,First,#,London,Year,-1,-1;Source "Source" true true false 8000 Text 0 0,First,#,London,Source,0,8000;Pop "Pop" true true false 4 Long 0 0,First,#,London,Pop,-1,-1;Inlnd_AHec "Inlnd_AHec" true true false 8 Double 0 0,First,#,London,Inlnd_AHec,-1,-1;Area_Hec "Area_Hec" true true false 8 Double 0 0,First,#,London,Area_Hec,-1,-1;PopPr_hec "PopPr_hec" true true false 8 Double 0 0,First,#,London,PopPr_hec,-1,-1;SqKm "SqKm" true true false 8 Double 0 0,First,#,London,SqKm,-1,-1;PopPr_sqkm "PopPr_sqkm" true true false 8 Double 0 0,First,#,London,PopPr_sqkm,-1,-1;Shape_Leng "Shape_Length" false true true 8 Double 0 0,First,#,London,Shape_Length,-1,-1;Shape_Area "Shape_Area" false true true 8 Double 0 0,First,#,London,Shape_Area,-1,-1" #</Process></lineage><itemProps><itemName Sync="TRUE">London</itemName><imsContentType Sync="TRUE">002</imsContentType><itemSize Sync="TRUE">0.000</itemSize><itemLocation><linkage Sync="TRUE">file://\\20-11078\C$\Users\26661028\Documents\01 Impatient\1. DATA_Working\SNOW_data\Ch4data\backup_data\London.shp</linkage><protocol Sync="TRUE">Local Area Network</protocol></itemLocation></itemProps><coordRef><type Sync="TRUE">Projected</type><geogcsn Sync="TRUE">GCS_OSGB_1936</geogcsn><csUnits Sync="TRUE">Linear Unit: Meter (1.000000)</csUnits><projcsn Sync="TRUE">British_National_Grid</projcsn><peXml Sync="TRUE">&lt;ProjectedCoordinateSystem xsi:type='typens:ProjectedCoordinateSystem' xmlns:xsi='http://www.w3.org/2001/XMLSchema-instance' xmlns:xs='http://www.w3.org/2001/XMLSchema' xmlns:typens='http://www.esri.com/schemas/ArcGIS/2.4.0'&gt;&lt;WKT&gt;PROJCS[&amp;quot;British_National_Grid&amp;quot;,GEOGCS[&amp;quot;GCS_OSGB_1936&amp;quot;,DATUM[&amp;quot;D_OSGB_1936&amp;quot;,SPHEROID[&amp;quot;Airy_1830&amp;quot;,6377563.396,299.3249646]],PRIMEM[&amp;quot;Greenwich&amp;quot;,0.0],UNIT[&amp;quot;Degree&amp;quot;,0.0174532925199433]],PROJECTION[&amp;quot;Transverse_Mercator&amp;quot;],PARAMETER[&amp;quot;False_Easting&amp;quot;,400000.0],PARAMETER[&amp;quot;False_Northing&amp;quot;,-100000.0],PARAMETER[&amp;quot;Central_Meridian&amp;quot;,-2.0],PARAMETER[&amp;quot;Scale_Factor&amp;quot;,0.9996012717],PARAMETER[&amp;quot;Latitude_Of_Origin&amp;quot;,49.0],UNIT[&amp;quot;Meter&amp;quot;,1.0],AUTHORITY[&amp;quot;EPSG&amp;quot;,27700]]&lt;/WKT&gt;&lt;XOrigin&gt;-5220400&lt;/XOrigin&gt;&lt;YOrigin&gt;-15524400&lt;/YOrigin&gt;&lt;XYScale&gt;450481592.76709664&lt;/XYScale&gt;&lt;ZOrigin&gt;-100000&lt;/ZOrigin&gt;&lt;ZScale&gt;10000&lt;/ZScale&gt;&lt;MOrigin&gt;-100000&lt;/MOrigin&gt;&lt;MScale&gt;10000&lt;/MScale&gt;&lt;XYTolerance&gt;0.001&lt;/XYTolerance&gt;&lt;ZTolerance&gt;0.001&lt;/ZTolerance&gt;&lt;MTolerance&gt;0.001&lt;/MTolerance&gt;&lt;HighPrecision&gt;true&lt;/HighPrecision&gt;&lt;WKID&gt;27700&lt;/WKID&gt;&lt;LatestWKID&gt;27700&lt;/LatestWKID&gt;&lt;/ProjectedCoordinateSystem&gt;</peXml></coordRef></DataProperties><SyncDate>20200921</SyncDate><SyncTime>17524700</SyncTime><ModDate>20200921</ModDate><ModTime>17524700</ModTime></Esri><dataIdInfo><envirDesc Sync="TRUE">Microsoft Windows 10 Version 10.0 (Build 18362) ; Esri ArcGIS 12.4.0.19948</envirDesc><dataLang><languageCode value="eng" Sync="TRUE"></languageCode><countryCode value="USA" Sync="TRUE"></countryCode></dataLang><idCitation><resTitle Sync="TRUE">London</resTitle><presForm><PresFormCd value="005" Sync="TRUE"></PresFormCd></presForm></idCitation><spatRpType><SpatRepTypCd value="001" Sync="TRUE"></SpatRepTypCd></spatRpType></dataIdInfo><mdLang><languageCode value="eng" Sync="TRUE"></languageCode><countryCode value="USA" Sync="TRUE"></countryCode></mdLang><distInfo><distFormat><formatName Sync="TRUE">Shapefile</formatName></distFormat><distTranOps><transSize Sync="TRUE">0.000</transSize></distTranOps></distInfo><mdHrLv><ScopeCd value="005" Sync="TRUE"></ScopeCd></mdHrLv><mdHrLvName Sync="TRUE">dataset</mdHrLvName><refSysInfo><RefSystem><refSysID><identCode code="27700" Sync="TRUE"></identCode><idCodeSpace Sync="TRUE">EPSG</idCodeSpace><idVersion Sync="TRUE">8.9.5(3.0.1)</idVersion></refSysID></RefSystem></refSysInfo><spatRepInfo><VectSpatRep><geometObjs Name="London"><geoObjTyp><GeoObjTypCd value="002" Sync="TRUE"></GeoObjTypCd></geoObjTyp><geoObjCnt Sync="TRUE">0</geoObjCnt></geometObjs><topLvl><TopoLevCd value="001" Sync="TRUE"></TopoLevCd></topLvl></VectSpatRep></spatRepInfo><spdoinfo><ptvctinf><esriterm Name="London"><efeatyp Sync="TRUE">Simple</efeatyp><efeageom code="4" Sync="TRUE"></efeageom><esritopo Sync="TRUE">FALSE</esritopo><efeacnt Sync="TRUE">0</efeacnt><spindex Sync="TRUE">FALSE</spindex><linrefer Sync="TRUE">FALSE</linrefer></esriterm></ptvctinf></spdoinfo><eainfo><detailed Name="London"><enttyp><enttypl Sync="TRUE">London</enttypl><enttypt Sync="TRUE">Feature Class</enttypt><enttypc Sync="TRUE">0</enttypc></enttyp><attr><attrlabl Sync="TRUE">FID</attrlabl><attalias Sync="TRUE">FID</attalias><attrtype Sync="TRUE">OID</attrtype><attwidth Sync="TRUE">4</attwidth><atprecis Sync="TRUE">0</atprecis><attscale Sync="TRUE">0</attscale><attrdef Sync="TRUE">Internal feature number.</attrdef><attrdefs Sync="TRUE">Esri</attrdefs><attrdomv><udom Sync="TRUE">Sequential unique whole numbers that are automatically generated.</udom></attrdomv></attr><attr><attrlabl Sync="TRUE">Shape</attrlabl><attalias Sync="TRUE">Shape</attalias><attrtype Sync="TRUE">Geometry</attrtype><attwidth Sync="TRUE">0</attwidth><atprecis Sync="TRUE">0</atprecis><attscale Sync="TRUE">0</attscale><attrdef Sync="TRUE">Feature geometry.</attrdef><attrdefs Sync="TRUE">Esri</attrdefs><attrdomv><udom Sync="TRUE">Coordinates defining the features.</udom></attrdomv></attr><attr><attrlabl Sync="TRUE">NAME</attrlabl><attalias Sync="TRUE">NAME</attalias><attrtype Sync="TRUE">String</attrtype><attwidth Sync="TRUE">22</attwidth><atprecis Sync="TRUE">0</atprecis><attscale Sync="TRUE">0</attscale></attr><attr><attrlabl Sync="TRUE">GSS_CODE</attrlabl><attalias Sync="TRUE">GSS_CODE</attalias><attrtype Sync="TRUE">String</attrtype><attwidth Sync="TRUE">9</attwidth><atprecis Sync="TRUE">0</atprecis><attscale Sync="TRUE">0</attscale></attr><attr><attrlabl Sync="TRUE">HECTARES</attrlabl><attalias Sync="TRUE">HECTARES</attalias><attrtype Sync="TRUE">Double</attrtype><attwidth Sync="TRUE">19</attwidth><atprecis Sync="TRUE">0</atprecis><attscale Sync="TRUE">0</attscale></attr><attr><attrlabl Sync="TRUE">NONLD_AREA</attrlabl><attalias Sync="TRUE">NONLD_AREA</attalias><attrtype Sync="TRUE">Double</attrtype><attwidth Sync="TRUE">19</attwidth><atprecis Sync="TRUE">0</atprecis><attscale Sync="TRUE">0</attscale></attr><attr><attrlabl Sync="TRUE">ONS_INNER</attrlabl><attalias Sync="TRUE">ONS_INNER</attalias><attrtype Sync="TRUE">String</attrtype><attwidth Sync="TRUE">1</attwidth><atprecis Sync="TRUE">0</atprecis><attscale Sync="TRUE">0</attscale></attr><attr><attrlabl Sync="TRUE">SUB_2009</attrlabl><attalias Sync="TRUE">SUB_2009</attalias><attrtype Sync="TRUE">String</attrtype><attwidth Sync="TRUE">7</attwidth><atprecis Sync="TRUE">0</atprecis><attscale Sync="TRUE">0</attscale></attr><attr><attrlabl Sync="TRUE">SUB_2006</attrlabl><attalias Sync="TRUE">SUB_2006</attalias><attrtype Sync="TRUE">String</attrtype><attwidth Sync="TRUE">10</attwidth><atprecis Sync="TRUE">0</atprecis><attscale Sync="TRUE">0</attscale></attr><attr><attrlabl Sync="TRUE">NUM</attrlabl><attalias Sync="TRUE">NUM</attalias><attrtype Sync="TRUE">Integer</attrtype><attwidth Sync="TRUE">10</attwidth><atprecis Sync="TRUE">10</atprecis><attscale Sync="TRUE">0</attscale></attr><attr><attrlabl Sync="TRUE">Code</attrlabl><attalias Sync="TRUE">Code</attalias><attrtype Sync="TRUE">String</attrtype><attwidth Sync="TRUE">254</attwidth><atprecis Sync="TRUE">0</atprecis><attscale Sync="TRUE">0</attscale></attr><attr><attrlabl Sync="TRUE">Name_1</attrlabl><attalias Sync="TRUE">Name_1</attalias><attrtype Sync="TRUE">String</attrtype><attwidth Sync="TRUE">254</attwidth><atprecis Sync="TRUE">0</atprecis><attscale Sync="TRUE">0</attscale></attr><attr><attrlabl Sync="TRUE">Year</attrlabl><attalias Sync="TRUE">Year</attalias><attrtype Sync="TRUE">Integer</attrtype><attwidth Sync="TRUE">10</attwidth><atprecis Sync="TRUE">10</atprecis><attscale Sync="TRUE">0</attscale></attr><attr><attrlabl Sync="TRUE">Source</attrlabl><attalias Sync="TRUE">Source</attalias><attrtype Sync="TRUE">String</attrtype><attwidth Sync="TRUE">254</attwidth><atprecis Sync="TRUE">0</atprecis><attscale Sync="TRUE">0</attscale></attr><attr><attrlabl Sync="TRUE">Pop</attrlabl><attalias Sync="TRUE">Pop</attalias><attrtype Sync="TRUE">Integer</attrtype><attwidth Sync="TRUE">10</attwidth><atprecis Sync="TRUE">10</atprecis><attscale Sync="TRUE">0</attscale></attr><attr><attrlabl Sync="TRUE">Inlnd_AHec</attrlabl><attalias Sync="TRUE">Inlnd_AHec</attalias><attrtype Sync="TRUE">Double</attrtype><attwidth Sync="TRUE">19</attwidth><atprecis Sync="TRUE">0</atprecis><attscale Sync="TRUE">0</attscale></attr><attr><attrlabl Sync="TRUE">Area_Hec</attrlabl><attalias Sync="TRUE">Area_Hec</attalias><attrtype Sync="TRUE">Double</attrtype><attwidth Sync="TRUE">19</attwidth><atprecis Sync="TRUE">0</atprecis><attscale Sync="TRUE">0</attscale></attr><attr><attrlabl Sync="TRUE">PopPr_hec</attrlabl><attalias Sync="TRUE">PopPr_hec</attalias><attrtype Sync="TRUE">Double</attrtype><attwidth Sync="TRUE">19</attwidth><atprecis Sync="TRUE">0</atprecis><attscale Sync="TRUE">0</attscale></attr><attr><attrlabl Sync="TRUE">SqKm</attrlabl><attalias Sync="TRUE">SqKm</attalias><attrtype Sync="TRUE">Double</attrtype><attwidth Sync="TRUE">19</attwidth><atprecis Sync="TRUE">0</atprecis><attscale Sync="TRUE">0</attscale></attr><attr><attrlabl Sync="TRUE">PopPr_sqkm</attrlabl><attalias Sync="TRUE">PopPr_sqkm</attalias><attrtype Sync="TRUE">Double</attrtype><attwidth Sync="TRUE">19</attwidth><atprecis Sync="TRUE">0</atprecis><attscale Sync="TRUE">0</attscale></attr><attr><attrlabl Sync="TRUE">Shape_Leng</attrlabl><attalias Sync="TRUE">Shape_Leng</attalias><attrtype Sync="TRUE">Double</attrtype><attwidth Sync="TRUE">19</attwidth><atprecis Sync="TRUE">0</atprecis><attscale Sync="TRUE">0</attscale></attr><attr><attrlabl Sync="TRUE">Shape_Area</attrlabl><attalias Sync="TRUE">Shape_Area</attalias><attrtype Sync="TRUE">Double</attrtype><attwidth Sync="TRUE">19</attwidth><atprecis Sync="TRUE">0</atprecis><attscale Sync="TRUE">0</attscale><attrdef Sync="TRUE">Area of feature in internal units squared.</attrdef><attrdefs Sync="TRUE">Esri</attrdefs><attrdomv><udom Sync="TRUE">Positive real numbers that are automatically generated.</udom></attrdomv></attr></detailed></eainfo><mdDateSt Sync="TRUE">20200921</mdDateSt></metadata>
